{
  "train_rmse": 1.4095396996579221,
  "val_rmse": 2.2010667988164196,
  "train_mae": 0.819224618968359,
  "val_mae": 1.0252760240907113,
  "train_mape": 56.399644184632095,
  "val_mape": 71.36177485090342,
  "train_mdape": 32.04035626517402,
  "val_mdape": 42.91284382343292,
  "num_train_samples": 14153,
  "num_val_samples": 5443,
  "num_features": 63,
  "train_seasons": [
    "2005-2006",
    "2006-2007",
    "2007-2008",
    "2008-2009",
    "2009-2010",
    "2010-2011",
    "2011-2012"
  ],
  "val_seasons": [
    "2012-2013"
  ],
  "eval_season": "2012-2013",
  "eval_samples": 5443,
  "eval_rmse_M": 2.2009403931351517,
  "eval_mae_M": 1.024495023692316,
  "eval_r2": 0.8458952981681273,
  "eval_mape": 71.20321267271152,
  "eval_mdape": 42.91284370422363,
  "eval_within_10pct": 11.890925346446133,
  "eval_within_25pct": 30.107286544479212,
  "eval_within_50pct": 56.526598122485474,
  "season": "2012-2013",
  "cutoff_date": "2012-07-01T00:00:00",
  "min_valuations": 5,
  "cutoff_months": 12,
  "full_dataset_size": 255047,
  "filtered_dataset_size": 19596
}