{
  "train_rmse": 1.742928174949889,
  "val_rmse": 2.2624009461704198,
  "train_mae": 0.7013160607278487,
  "val_mae": 0.6304951528944313,
  "train_mape": 58.06508523484041,
  "val_mape": 50.98423708352969,
  "train_mdape": 35.85799641079373,
  "val_mdape": 33.47210000668254,
  "num_train_samples": 187324,
  "num_val_samples": 32650,
  "num_features": 63,
  "train_seasons": [
    "2005-2006",
    "2006-2007",
    "2007-2008",
    "2008-2009",
    "2009-2010",
    "2010-2011",
    "2011-2012",
    "2012-2013",
    "2013-2014",
    "2014-2015",
    "2015-2016",
    "2016-2017",
    "2017-2018",
    "2018-2019",
    "2019-2020",
    "2020-2021",
    "2021-2022",
    "2022-2023"
  ],
  "val_seasons": [
    "2023-2024"
  ],
  "eval_season": "2023-2024",
  "eval_samples": 32650,
  "eval_rmse_M": 2.262390939834554,
  "eval_mae_M": 0.6302468212950894,
  "eval_r2": 0.8598491809004377,
  "eval_mape": 50.97064858322829,
  "eval_mdape": 33.47210121154785,
  "eval_within_10pct": 16.28837424020928,
  "eval_within_25pct": 39.27060090790182,
  "eval_within_50pct": 66.46149111333385,
  "season": "2023-2024",
  "cutoff_date": "2023-07-01T00:00:00",
  "min_valuations": 5,
  "cutoff_months": 12,
  "full_dataset_size": 255047,
  "filtered_dataset_size": 219974
}