{
  "train_rmse": 1.7387646618215629,
  "val_rmse": 2.420138862455782,
  "train_mae": 0.6803204819511508,
  "val_mae": 0.6241872909818407,
  "train_mape": 56.80451157383928,
  "val_mape": 50.98011782445548,
  "train_mdape": 35.41369388500849,
  "val_mdape": 33.06160767873128,
  "num_train_samples": 219974,
  "num_val_samples": 35073,
  "num_features": 63,
  "train_seasons": [
    "2005-2006",
    "2006-2007",
    "2007-2008",
    "2008-2009",
    "2009-2010",
    "2010-2011",
    "2011-2012",
    "2012-2013",
    "2013-2014",
    "2014-2015",
    "2015-2016",
    "2016-2017",
    "2017-2018",
    "2018-2019",
    "2019-2020",
    "2020-2021",
    "2021-2022",
    "2022-2023",
    "2023-2024"
  ],
  "val_seasons": [
    "2024-2025"
  ],
  "season": "2025-2026",
  "cutoff_date": "2025-07-01T00:00:00",
  "min_valuations": 5,
  "cutoff_months": 12,
  "full_dataset_size": 255047,
  "filtered_dataset_size": 255047
}