{
  "train_rmse": 1.4545228025190735,
  "val_rmse": 1.949562439158314,
  "train_mae": 0.7599634636425151,
  "val_mae": 0.7682574472776904,
  "train_mape": 60.81583169558618,
  "val_mape": 62.40934841898923,
  "train_mdape": 35.76203783353169,
  "val_mdape": 38.64051163196564,
  "num_train_samples": 44997,
  "num_val_samples": 12409,
  "num_features": 63,
  "train_seasons": [
    "2005-2006",
    "2006-2007",
    "2007-2008",
    "2008-2009",
    "2009-2010",
    "2010-2011",
    "2011-2012",
    "2012-2013",
    "2013-2014",
    "2014-2015",
    "2015-2016"
  ],
  "val_seasons": [
    "2016-2017"
  ],
  "eval_season": "2016-2017",
  "eval_samples": 12409,
  "eval_rmse_M": 1.9494493793345413,
  "eval_mae_M": 0.7672836342167647,
  "eval_r2": 0.8711743009697814,
  "eval_mape": 62.233210211912024,
  "eval_mdape": 38.640512466430664,
  "eval_within_10pct": 14.166174443788146,
  "eval_within_25pct": 34.16026776924592,
  "eval_within_50pct": 60.986414648552866,
  "season": "2016-2017",
  "cutoff_date": "2016-07-01T00:00:00",
  "min_valuations": 5,
  "cutoff_months": 12,
  "full_dataset_size": 255047,
  "filtered_dataset_size": 57406
}