{
  "train_rmse": 1.7087878295412031,
  "val_rmse": 2.76723832046582,
  "train_mae": 0.7585976663370148,
  "val_mae": 0.829739675442383,
  "train_mape": 62.44305808591485,
  "val_mape": 53.26095213922378,
  "train_mdape": 36.70344154040019,
  "val_mdape": 37.75063412530083,
  "num_train_samples": 109550,
  "num_val_samples": 22199,
  "num_features": 63,
  "train_seasons": [
    "2005-2006",
    "2006-2007",
    "2007-2008",
    "2008-2009",
    "2009-2010",
    "2010-2011",
    "2011-2012",
    "2012-2013",
    "2013-2014",
    "2014-2015",
    "2015-2016",
    "2016-2017",
    "2017-2018",
    "2018-2019",
    "2019-2020"
  ],
  "val_seasons": [
    "2020-2021"
  ],
  "eval_season": "2020-2021",
  "eval_samples": 22199,
  "eval_rmse_M": 2.7671662139303206,
  "eval_mae_M": 0.8289926582778799,
  "eval_r2": 0.8041839210751032,
  "eval_mape": 53.078804233502105,
  "eval_mdape": 37.750633239746094,
  "eval_within_10pct": 13.744255204109217,
  "eval_within_25pct": 33.47931873479319,
  "eval_within_50pct": 63.97404703974047,
  "season": "2020-2021",
  "cutoff_date": "2020-07-01T00:00:00",
  "min_valuations": 5,
  "cutoff_months": 12,
  "full_dataset_size": 255047,
  "filtered_dataset_size": 131749
}