{
  "train_rmse": 1.7442591623326593,
  "val_rmse": 2.3636374265775864,
  "train_mae": 0.7516985055747558,
  "val_mae": 0.7598381219737408,
  "train_mape": 61.93638201636487,
  "val_mape": 70.72253099781508,
  "train_mdape": 37.13129886559077,
  "val_mdape": 42.141151428222656,
  "num_train_samples": 131749,
  "num_val_samples": 26175,
  "num_features": 63,
  "train_seasons": [
    "2005-2006",
    "2006-2007",
    "2007-2008",
    "2008-2009",
    "2009-2010",
    "2010-2011",
    "2011-2012",
    "2012-2013",
    "2013-2014",
    "2014-2015",
    "2015-2016",
    "2016-2017",
    "2017-2018",
    "2018-2019",
    "2019-2020",
    "2020-2021"
  ],
  "val_seasons": [
    "2021-2022"
  ],
  "eval_season": "2021-2022",
  "eval_samples": 26175,
  "eval_rmse_M": 2.3635767356243225,
  "eval_mae_M": 0.7593030142341108,
  "eval_r2": 0.8224044281610682,
  "eval_mape": 70.59437037160612,
  "eval_mdape": 42.141151428222656,
  "eval_within_10pct": 13.47162281312358,
  "eval_within_25pct": 32.43770012529584,
  "eval_within_50pct": 56.526985010905385,
  "season": "2021-2022",
  "cutoff_date": "2021-07-01T00:00:00",
  "min_valuations": 5,
  "cutoff_months": 12,
  "full_dataset_size": 255047,
  "filtered_dataset_size": 157924
}