{
  "train_rmse": 1.7432494155299907,
  "val_rmse": 2.406224970900488,
  "train_mae": 0.6806412423637843,
  "val_mae": 0.6237005897683553,
  "train_mape": 56.66414119759459,
  "val_mape": 51.36971831119419,
  "train_mdape": 35.44775162424361,
  "val_mdape": 33.22449723879497,
  "num_train_samples": 219974,
  "num_val_samples": 35073,
  "num_features": 63,
  "train_seasons": [
    "2005-2006",
    "2006-2007",
    "2007-2008",
    "2008-2009",
    "2009-2010",
    "2010-2011",
    "2011-2012",
    "2012-2013",
    "2013-2014",
    "2014-2015",
    "2015-2016",
    "2016-2017",
    "2017-2018",
    "2018-2019",
    "2019-2020",
    "2020-2021",
    "2021-2022",
    "2022-2023",
    "2023-2024"
  ],
  "val_seasons": [
    "2024-2025"
  ],
  "eval_season": "2024-2025",
  "eval_samples": 35073,
  "eval_rmse_M": 2.4062122021094945,
  "eval_mae_M": 0.6234911193641083,
  "eval_r2": 0.8392834392112193,
  "eval_mape": 51.35987045444586,
  "eval_mdape": 33.2244987487793,
  "eval_within_10pct": 16.904209479615513,
  "eval_within_25pct": 39.583103156189004,
  "eval_within_50pct": 66.0700475085626,
  "season": "2024-2025",
  "cutoff_date": "2024-07-01T00:00:00",
  "min_valuations": 5,
  "cutoff_months": 12,
  "full_dataset_size": 255047,
  "filtered_dataset_size": 255047
}