{
  "train_rmse": 1.7281491602278356,
  "val_rmse": 2.4150293746735496,
  "train_mae": 0.7212522126691225,
  "val_mae": 0.6658204108102447,
  "train_mape": 59.91653250246003,
  "val_mape": 53.152696709534666,
  "train_mdape": 36.41045093536377,
  "val_mdape": 35.74772775173188,
  "num_train_samples": 157924,
  "num_val_samples": 29400,
  "num_features": 63,
  "train_seasons": [
    "2005-2006",
    "2006-2007",
    "2007-2008",
    "2008-2009",
    "2009-2010",
    "2010-2011",
    "2011-2012",
    "2012-2013",
    "2013-2014",
    "2014-2015",
    "2015-2016",
    "2016-2017",
    "2017-2018",
    "2018-2019",
    "2019-2020",
    "2020-2021",
    "2021-2022"
  ],
  "val_seasons": [
    "2022-2023"
  ],
  "eval_season": "2022-2023",
  "eval_samples": 29400,
  "eval_rmse_M": 2.4149258509112976,
  "eval_mae_M": 0.6649829345253274,
  "eval_r2": 0.8285998655326687,
  "eval_mape": 53.07789483769399,
  "eval_mdape": 35.74772644042969,
  "eval_within_10pct": 15.044509133864912,
  "eval_within_25pct": 36.527021895962534,
  "eval_within_50pct": 64.45597603678858,
  "season": "2022-2023",
  "cutoff_date": "2022-07-01T00:00:00",
  "min_valuations": 5,
  "cutoff_months": 12,
  "full_dataset_size": 255047,
  "filtered_dataset_size": 187324
}