{
  "train_rmse": 0.20299950520538232,
  "val_rmse": 4.0350011792053,
  "train_mae": 0.12862318132209394,
  "val_mae": 2.2445800532609588,
  "train_mape": 11.263931066488212,
  "val_mape": 68.16109735380942,
  "train_mdape": 4.452407089146701,
  "val_mdape": 64.65086787939072,
  "num_train_samples": 545,
  "num_val_samples": 779,
  "num_features": 63,
  "train_seasons": [
    "2005-2006"
  ],
  "val_seasons": [
    "2006-2007"
  ],
  "eval_season": "2006-2007",
  "eval_samples": 779,
  "eval_rmse_M": 4.01766012136503,
  "eval_mae_M": 2.225432236102475,
  "eval_r2": 0.48864899056295397,
  "eval_mape": 66.74736345135145,
  "eval_mdape": 64.65087127685547,
  "eval_within_10pct": 9.042553191489363,
  "eval_within_25pct": 17.73049645390071,
  "eval_within_50pct": 36.87943262411347,
  "season": "2006-2007",
  "cutoff_date": "2006-07-01T00:00:00",
  "min_valuations": 5,
  "cutoff_months": 12,
  "full_dataset_size": 255047,
  "filtered_dataset_size": 1324
}