{
  "train_rmse": 1.2105646343536736,
  "val_rmse": 3.253460166261749,
  "train_mae": 0.7514787303408801,
  "val_mae": 1.5713197390043636,
  "train_mape": 40.35037879589241,
  "val_mape": 84.73906938007731,
  "train_mdape": 22.80716896057129,
  "val_mdape": 45.61595916748047,
  "num_train_samples": 4027,
  "num_val_samples": 2376,
  "num_features": 63,
  "train_seasons": [
    "2005-2006",
    "2006-2007",
    "2007-2008",
    "2008-2009"
  ],
  "val_seasons": [
    "2009-2010"
  ],
  "eval_season": "2009-2010",
  "eval_samples": 2376,
  "eval_rmse_M": 3.2532753148922056,
  "eval_mae_M": 1.5707461524037576,
  "eval_r2": 0.7185924267014339,
  "eval_mape": 84.63630833794285,
  "eval_mdape": 45.61595916748047,
  "eval_within_10pct": 10.835579514824797,
  "eval_within_25pct": 28.948787061994608,
  "eval_within_50pct": 53.8544474393531,
  "season": "2009-2010",
  "cutoff_date": "2009-07-01T00:00:00",
  "min_valuations": 5,
  "cutoff_months": 12,
  "full_dataset_size": 255047,
  "filtered_dataset_size": 6403
}