{
  "train_rmse": 1.0714430611424348,
  "val_rmse": 3.6524906839261604,
  "train_mae": 0.669489073450691,
  "val_mae": 1.9279877622856125,
  "train_mape": 33.62739869858461,
  "val_mape": 94.87183800854545,
  "train_mdape": 18.64275336265564,
  "val_mdape": 55.13092593142862,
  "num_train_samples": 2355,
  "num_val_samples": 1672,
  "num_features": 63,
  "train_seasons": [
    "2005-2006",
    "2006-2007",
    "2007-2008"
  ],
  "val_seasons": [
    "2008-2009"
  ],
  "eval_season": "2008-2009",
  "eval_samples": 1672,
  "eval_rmse_M": 3.6513635880168924,
  "eval_mae_M": 1.9212898741011186,
  "eval_r2": 0.5963072954411007,
  "eval_mape": 93.71245076211498,
  "eval_mdape": 55.130924224853516,
  "eval_within_10pct": 9.830781627719581,
  "eval_within_25pct": 23.851732473811442,
  "eval_within_50pct": 45.93070104754231,
  "season": "2008-2009",
  "cutoff_date": "2008-07-01T00:00:00",
  "min_valuations": 5,
  "cutoff_months": 12,
  "full_dataset_size": 255047,
  "filtered_dataset_size": 4027
}