{
  "train_rmse": 1.4741662719250157,
  "val_rmse": 3.5707246597448985,
  "train_mae": 0.7442098938199895,
  "val_mae": 1.002073267443371,
  "train_mape": 61.31900015901839,
  "val_mape": 64.44533316971652,
  "train_mdape": 35.5881412823995,
  "val_mdape": 40.27467966079712,
  "num_train_samples": 57406,
  "num_val_samples": 14916,
  "num_features": 60,
  "train_seasons": [
    "2005-2006",
    "2006-2007",
    "2007-2008",
    "2008-2009",
    "2009-2010",
    "2010-2011",
    "2011-2012",
    "2012-2013",
    "2013-2014",
    "2014-2015",
    "2015-2016",
    "2016-2017"
  ],
  "val_seasons": [
    "2017-2018"
  ],
  "eval_season": "2017-2018",
  "eval_samples": 14916,
  "eval_rmse_M": 3.570718208480441,
  "eval_mae_M": 1.0019102830597062,
  "eval_r2": 0.7786049000822504,
  "eval_mape": 64.42731385563086,
  "eval_mdape": 40.274681091308594,
  "eval_within_10pct": 12.951585156057998,
  "eval_within_25pct": 32.981076431555664,
  "eval_within_50pct": 59.400344064880805,
  "season": "2017-2018",
  "cutoff_date": "2017-07-01T00:00:00",
  "min_valuations": 5,
  "cutoff_months": 12,
  "full_dataset_size": 255047,
  "filtered_dataset_size": 72322
}