{
  "train_rmse": 1.694685720104472,
  "val_rmse": 3.473894054583767,
  "train_mae": 0.7811363675998928,
  "val_mae": 1.0555454427039102,
  "train_mape": 64.39737268984291,
  "val_mape": 72.21292723669723,
  "train_mdape": 37.3663475116094,
  "val_mdape": 45.86787564413889,
  "num_train_samples": 89497,
  "num_val_samples": 20053,
  "num_features": 63,
  "train_seasons": [
    "2005-2006",
    "2006-2007",
    "2007-2008",
    "2008-2009",
    "2009-2010",
    "2010-2011",
    "2011-2012",
    "2012-2013",
    "2013-2014",
    "2014-2015",
    "2015-2016",
    "2016-2017",
    "2017-2018",
    "2018-2019"
  ],
  "val_seasons": [
    "2019-2020"
  ],
  "eval_season": "2019-2020",
  "eval_samples": 20053,
  "eval_rmse_M": 3.4738626755311866,
  "eval_mae_M": 1.0550367885797003,
  "eval_r2": 0.7186339296489507,
  "eval_mape": 72.12991160966045,
  "eval_mdape": 45.86787414550781,
  "eval_within_10pct": 11.68585877048681,
  "eval_within_25pct": 29.196368732102602,
  "eval_within_50pct": 53.567294217997926,
  "season": "2019-2020",
  "cutoff_date": "2019-07-01T00:00:00",
  "min_valuations": 5,
  "cutoff_months": 12,
  "full_dataset_size": 255047,
  "filtered_dataset_size": 109550
}