{
  "train_rmse": 1.395330602431904,
  "val_rmse": 2.2326200075282334,
  "train_mae": 0.7944260861430974,
  "val_mae": 0.99786232375196,
  "train_mape": 57.784648915048365,
  "val_mape": 77.27158800199281,
  "train_mdape": 33.40865969657898,
  "val_mdape": 43.006384372711175,
  "num_train_samples": 19596,
  "num_val_samples": 6842,
  "num_features": 63,
  "train_seasons": [
    "2005-2006",
    "2006-2007",
    "2007-2008",
    "2008-2009",
    "2009-2010",
    "2010-2011",
    "2011-2012",
    "2012-2013"
  ],
  "val_seasons": [
    "2013-2014"
  ],
  "eval_season": "2013-2014",
  "eval_samples": 6842,
  "eval_rmse_M": 2.2325892295020506,
  "eval_mae_M": 0.9973967991971816,
  "eval_r2": 0.839882671440261,
  "eval_mape": 77.18633525319711,
  "eval_mdape": 43.00638961791992,
  "eval_within_10pct": 12.685306811784574,
  "eval_within_25pct": 31.150309626571588,
  "eval_within_50pct": 55.86413961343592,
  "season": "2013-2014",
  "cutoff_date": "2013-07-01T00:00:00",
  "min_valuations": 5,
  "cutoff_months": 12,
  "full_dataset_size": 255047,
  "filtered_dataset_size": 26438
}