{
  "train_rmse": 1.3900597544840905,
  "val_rmse": 2.3845346425649185,
  "train_mae": 0.8578291171876178,
  "val_mae": 1.2434937159533428,
  "train_mape": 48.680023511072505,
  "val_mape": 93.76383713221088,
  "train_mdape": 27.7367627620697,
  "val_mdape": 46.87970986223628,
  "num_train_samples": 6403,
  "num_val_samples": 3390,
  "num_features": 63,
  "train_seasons": [
    "2005-2006",
    "2006-2007",
    "2007-2008",
    "2008-2009",
    "2009-2010"
  ],
  "val_seasons": [
    "2010-2011"
  ],
  "eval_season": "2010-2011",
  "eval_samples": 3390,
  "eval_rmse_M": 2.3843283817389853,
  "eval_mae_M": 1.242418501139449,
  "eval_r2": 0.8248672471173595,
  "eval_mape": 93.57308975217617,
  "eval_mdape": 46.879709243774414,
  "eval_within_10pct": 11.50943396226415,
  "eval_within_25pct": 27.69811320754717,
  "eval_within_50pct": 52.52830188679245,
  "season": "2010-2011",
  "cutoff_date": "2010-07-01T00:00:00",
  "min_valuations": 5,
  "cutoff_months": 12,
  "full_dataset_size": 255047,
  "filtered_dataset_size": 9793
}