{
  "train_rmse": 1.594177623275822,
  "val_rmse": 3.7539715103926654,
  "train_mae": 0.7647590058451613,
  "val_mae": 1.1292517193529124,
  "train_mape": 63.30460599590222,
  "val_mape": 68.5876742079259,
  "train_mdape": 36.72337929407756,
  "val_mdape": 41.03511788628318,
  "num_train_samples": 72322,
  "num_val_samples": 17175,
  "num_features": 63,
  "train_seasons": [
    "2005-2006",
    "2006-2007",
    "2007-2008",
    "2008-2009",
    "2009-2010",
    "2010-2011",
    "2011-2012",
    "2012-2013",
    "2013-2014",
    "2014-2015",
    "2015-2016",
    "2016-2017",
    "2017-2018"
  ],
  "val_seasons": [
    "2018-2019"
  ],
  "eval_season": "2018-2019",
  "eval_samples": 17175,
  "eval_rmse_M": 3.753950275379509,
  "eval_mae_M": 1.1287757056416063,
  "eval_r2": 0.7769439247488859,
  "eval_mape": 68.50669564913878,
  "eval_mdape": 41.03512191772461,
  "eval_within_10pct": 13.281686208821888,
  "eval_within_25pct": 32.921552205471805,
  "eval_within_50pct": 58.11697375767727,
  "season": "2018-2019",
  "cutoff_date": "2018-07-01T00:00:00",
  "min_valuations": 5,
  "cutoff_months": 12,
  "full_dataset_size": 255047,
  "filtered_dataset_size": 89497
}