{
  "train_rmse": 1.363419796607558,
  "val_rmse": 2.372699880943104,
  "train_mae": 0.812714914173604,
  "val_mae": 1.1322389882871176,
  "train_mape": 51.92744934519067,
  "val_mape": 77.53602183834319,
  "train_mdape": 29.573696851730347,
  "val_mdape": 44.485414028167725,
  "num_train_samples": 9793,
  "num_val_samples": 4360,
  "num_features": 63,
  "train_seasons": [
    "2005-2006",
    "2006-2007",
    "2007-2008",
    "2008-2009",
    "2009-2010",
    "2010-2011"
  ],
  "val_seasons": [
    "2011-2012"
  ],
  "eval_season": "2011-2012",
  "eval_samples": 4360,
  "eval_rmse_M": 2.3725230708426404,
  "eval_mae_M": 1.1309376627328855,
  "eval_r2": 0.8352946997133379,
  "eval_mape": 77.33633236310098,
  "eval_mdape": 44.48541450500488,
  "eval_within_10pct": 12.429378531073446,
  "eval_within_25pct": 29.067796610169495,
  "eval_within_50pct": 54.971751412429384,
  "season": "2011-2012",
  "cutoff_date": "2011-07-01T00:00:00",
  "min_valuations": 5,
  "cutoff_months": 12,
  "full_dataset_size": 255047,
  "filtered_dataset_size": 14153
}