{
  "train_rmse": 1.4492291786275786,
  "val_rmse": 2.075358645382328,
  "train_mae": 0.7775283730148227,
  "val_mae": 0.8641484736828442,
  "train_mape": 60.5443074875501,
  "val_mape": 72.11144640318379,
  "train_mdape": 34.89945275442941,
  "val_mdape": 43.2540903488795,
  "num_train_samples": 34789,
  "num_val_samples": 10208,
  "num_features": 63,
  "train_seasons": [
    "2005-2006",
    "2006-2007",
    "2007-2008",
    "2008-2009",
    "2009-2010",
    "2010-2011",
    "2011-2012",
    "2012-2013",
    "2013-2014",
    "2014-2015"
  ],
  "val_seasons": [
    "2015-2016"
  ],
  "eval_season": "2015-2016",
  "eval_samples": 10208,
  "eval_rmse_M": 2.0752659301640954,
  "eval_mae_M": 0.8635742890347449,
  "eval_r2": 0.8576113247560091,
  "eval_mape": 71.90761981258997,
  "eval_mdape": 43.25408935546875,
  "eval_within_10pct": 12.943632567849686,
  "eval_within_25pct": 31.129668290419854,
  "eval_within_50pct": 55.55555555555556,
  "season": "2015-2016",
  "cutoff_date": "2015-07-01T00:00:00",
  "min_valuations": 5,
  "cutoff_months": 12,
  "full_dataset_size": 255047,
  "filtered_dataset_size": 44997
}