{
  "train_rmse": 1.410844970365359,
  "val_rmse": 2.2038115638558455,
  "train_mae": 0.7810538015112223,
  "val_mae": 0.8908313203066864,
  "train_mape": 58.75614231165959,
  "val_mape": 61.40953365319681,
  "train_mdape": 33.84296894073486,
  "val_mdape": 41.24486744403839,
  "num_train_samples": 26438,
  "num_val_samples": 8351,
  "num_features": 63,
  "train_seasons": [
    "2005-2006",
    "2006-2007",
    "2007-2008",
    "2008-2009",
    "2009-2010",
    "2010-2011",
    "2011-2012",
    "2012-2013",
    "2013-2014"
  ],
  "val_seasons": [
    "2014-2015"
  ],
  "eval_season": "2014-2015",
  "eval_samples": 8351,
  "eval_rmse_M": 2.2037438911667913,
  "eval_mae_M": 0.8903683401034546,
  "eval_r2": 0.8369649383885607,
  "eval_mape": 61.28479955113212,
  "eval_mdape": 41.244869232177734,
  "eval_within_10pct": 13.365631233969792,
  "eval_within_25pct": 31.661442006269592,
  "eval_within_50pct": 58.49244799088059,
  "season": "2014-2015",
  "cutoff_date": "2014-07-01T00:00:00",
  "min_valuations": 5,
  "cutoff_months": 12,
  "full_dataset_size": 255047,
  "filtered_dataset_size": 34789
}