{
  "train_rmse": 0.6675179638837261,
  "val_rmse": 4.04610028790133,
  "train_mae": 0.41424149139387556,
  "val_mae": 2.1466509172993247,
  "train_mape": 23.78410832809108,
  "val_mape": 77.29423900904784,
  "train_mdape": 11.42819325129191,
  "val_mdape": 49.122679564687935,
  "num_train_samples": 1324,
  "num_val_samples": 1031,
  "num_features": 63,
  "train_seasons": [
    "2005-2006",
    "2006-2007"
  ],
  "val_seasons": [
    "2007-2008"
  ],
  "eval_season": "2007-2008",
  "eval_samples": 1031,
  "eval_rmse_M": 4.04554213984273,
  "eval_mae_M": 2.1416405214417513,
  "eval_r2": 0.5441770576428884,
  "eval_mape": 76.76069980699376,
  "eval_mdape": 49.122676849365234,
  "eval_within_10pct": 10.626702997275205,
  "eval_within_25pct": 26.83923705722071,
  "eval_within_50pct": 51.22615803814714,
  "season": "2007-2008",
  "cutoff_date": "2007-07-01T00:00:00",
  "min_valuations": 5,
  "cutoff_months": 12,
  "full_dataset_size": 255047,
  "filtered_dataset_size": 2355
}